rank,category,score,designation,alt_names,country,manufacturer,description,key_specs,source_urls
1,Sea-launched cruise missiles,86.5,NSM Naval Strike Missile,"Naval Strike Missile; NSM Coastal Defence System; JSM (Joint Strike Missile, air-launched)",Norway,Kongsberg,"Fifth-generation long-range anti-ship missile with land-attack mode; low-observable shape, super sea skim, high-G random maneuvers and I3R intelligent imaging infrared seeker with Autonomous Target Re",Type: Anti Ship Missile (with land attack mode) | Weight NSM: Total: 407 Kg - Warhead: 120 Kg | Weight JSM: Total: 370 Kg - Warhead: 120 Kg | Weight: Total: 407 Kg - Warhead: 120 Kg | Dimensions NSM: Length: 3.96 m,https://www.armyrecognition.com/military-products/navy/weapons-systems/missiles/naval-strike-missile
2,Air-launched munitions,82.8,AGM-114 HELLFIRE (Lockheed Martin),,"United States, Australia, Bahrain, Egypt, France, Greece, India, Indonesia, Iraq, Israel, Italy, Japan, Jordan, Kuwait, Lebanon, Netherlands, Norway, Pakistan, Poland, Qatar, Saudi Arabia, Singapore, South Korea, Spain, Taiwan, Tunisia, Türkiye, United Arab Emirates, United Kingdom. Lockheed Martin reported 29 HELLFIRE customers in 2021.",Lockheed Martin Missiles and Fire Control,"The AGM-114 HELLFIRE is a United States-developed precision-guided missile family designed for engagement of armored vehicles, fortified positions, air-defense equipment, small vessels, light vehicles","Type: Short-range, supersonic air-to-surface and surface-to-surface precision-guided missile | Country users: United States, Australia, Bahrain, Egypt, France, Greece, India, Indonesia, Iraq, Israel, Italy, Japan, Jordan, Kuwait, Lebanon, Netherlands, Norway, Pakistan, Poland, Qatar, Saudi Arabia, Singapore, South Korea, Spain, Taiwan, Tunisia, Türkiye, United Arab Emirates, United Kingdom. Lockheed Martin reported 29 HELLFIRE customers in 2021. | Designer Country: United States | Launch Weight: 49.4 kg for the AGM-114R Multi-Purpose HELLFIRE II | Dimensions: Length: 1.63 m; Diameter: 0.178 m; Wingspan: approximately 0.33 m with control surfaces deployed.",https://www.armyrecognition.com/military-products/army/missiles/bombs/agm-114-hellfire-lockheed-martin
3,Air-launched munitions,82.8,Brimstone air-to-surface missile,,"United Kingdom, Saudi Arabia, Ukraine and Poland. The United Kingdom is the original operator and principal user. Saudi Arabia has acquired Brimstone for combat-aircraft employment, Ukraine has received the missile for operational surface-launched use, and Poland selected Brimstone for its Ottokar-Brzoza tank-destroyer program.",MBDA UK,"The MBDA Brimstone is a United Kingdom-developed precision-guided missile family designed for the engagement of main battle tanks, armored fighting vehicles, self-propelled artillery, mobile air-defen","Type: Short-to-medium-range, supersonic air-to-surface, surface-to-surface and maritime precision-guided missile | Country users: United Kingdom, Saudi Arabia, Ukraine and Poland. The United Kingdom is the original operator and principal user. Saudi Arabia has acquired Brimstone for combat-aircraft employment, Ukraine has received the missile for operational surface-launched use, and Poland selected Brimstone for its Ottokar-Brzoza tank-destroyer program. | Designer Country: United Kingdom | Weight: Approximately 50 kg, depending on missile variant and configuration | Dimensions: Length: approximately 1.8 m, Diameter: approximately 0.18 m, Wingspan: approximately 0.30 m with aerodynamic surfaces deployed",https://www.armyrecognition.com/military-products/army/missiles/bombs/brimstone-mbda
4,Air-launched munitions,82.2,JASSM AGM-158,,"Australia, Finland, Japan, Poland, South Korea, Ukraine, United States",,"The AGM-158 Joint Air-to-Surface Standoff Missile (JASSM) is a long-range, precision-guided cruise missile developed by Lockheed Martin for the United States Air Force (USAF) and allied nations. This ","Type: Air-launched cruise missile | Country users: Australia, Finland, Japan, Poland, South Korea, Ukraine, United States | Designer Country: United States | Launch Weight: 1,020 kg | Dimensions: Length: 4.27 m; Diameter: 0.45 m; Wingspan: 2.4 m",https://www.armyrecognition.com/military-products/army/missiles/cruise-missiles/jassm-agm-158
5,Air-launched munitions,82.2,Storm Shadow - SCALP,,Range,,"The Storm Shadow / SCALP is a long-range, air-launched, stand-off attack cruise missile that was developed by MBDA, a multinational defense company based in Europe. This missile was developed in the l","Type: Weight | Country users: Range | Designer Country: Speed | Weight: Air launched long-range cruise missile | Dimensions: Turbomeca Microturbo TRI 60-30 turbojet, producing 5.4 kN thrust",https://www.armyrecognition.com/military-products/army/missiles/cruise-missiles/storm-shadow-scalp-long-range-air-launched-attack-cruise-missile-data
6,Air-launched munitions,81.2,AGM-158 JASSM,Joint Air-to-Surface Standoff Missile; AGM-158B JASSM-ER; AGM-158D JASSM-XR; AGM-158C LRASM,United States,Lockheed Martin,"Low-observable air-launched standoff cruise missile designed to defeat dense air defense networks; declared operational 2003; >2,000 procured with plans for up to 10,000; stealth design evades S-300-c","Type: air-launched cruise missile | Country users: Australia, Finland, Japan, Poland, South Korea, Ukraine, United States | Designer Country: United States | Propulsion: Teledyne CAE J402-CA-100 turbojet (JASSM-ER uses more efficient turbofan) | Launch Weight: 1,020 kg",https://www.armyrecognition.com/military-products/army/missiles/cruise-missiles/jassm-agm-158
7,Air-launched munitions,81.2,Storm Shadow / SCALP-EG,SCALP (Système de Croisière Autonome à Longue Portée); Black Shaheen (UAE export),France / United Kingdom,MBDA,Long-range air-launched stand-off attack cruise missile for fixed hardened targets; BROACH two-stage tandem warhead for bunker penetration; entered RAF/Armée de l'Air service in late 1990s-early 2000s,"Type: air-launched long-range cruise missile | Country users: Egypt, France, Greece, Italy, India, Qatar, Saudi Arabia, Ukraine, UAE, United Kingdom | Designer Country: France / United Kingdom | Weight: 1,300 kg | Range: 560 km (250 km export version)",https://www.armyrecognition.com/military-products/army/missiles/cruise-missiles/storm-shadow-scalp-long-range-air-launched-attack-cruise-missile-data
8,UAVs,81.1,Shahed-136,Shahed-136 loitering munition; kamikaze drone,Iran,Iran Aircraft Manufacturing Industrial Company (HESA),"Iranian-made loitering ammunition, also called a suicide or kamikaze drone, developed and manufactured by Iran Aircraft Manufacturing Industrial Company (HESA). Unveiled in 2021, it is used by the Rus","Type: Wingspan | Country users: Weight | Designer Country: Speed | Weight: Iran | Wingspan: A loitering munition, also called a kamikaze or suicide drone",https://www.armyrecognition.com/military-products/army/unmanned-systems/unmanned-aerial-vehicles/shahed-136-loitering-munition-kamikaze-suicide-drone-technical-data
9,Sea-launched cruise missiles,79.5,3M14 Biryuza SS-N-30A Kalibr Sagaris,,"Algeria, China, India, Iran, Russia, Vietnam",,"The 3M14 Biryuza is a Russian sea-launched naval attack cruise missile (LACM) developed by NPO Novator, a leading defense enterprise in Russia. Known by its NATO designation Sagaris SS-N-30A, this mis","Type: Naval Land-Attack Cruise Missile (LACM) | Types of warhead: High-explosive, cluster warhead (with fragmentation, high-explosive, or cumulative submunitions), nuclear-capable (domestic variant) | Country users: Algeria, China, India, Iran, Russia, Vietnam | Designer Country: France | Weight Missile: Approximately 1,770 kg",https://www.armyrecognition.com/military-products/navy/weapons-systems/missiles/3m14-biryuza-ss-n-30a
10,Sea-launched cruise missiles,79.5,3M54-1 Kalibr SS-N-27 Sizzler,,"Russia, Algeria, India, Vietnam, China",,"The 3M54-1 Kalibr is a Russian anti-ship cruise missile developed by NPO Novator (OKB-8). Known by its NATO reporting name SS-N-27 “Sizzler,” this missile features a two-stage design optimized for pre","Type: Ship-launched or submarine-launched cruise missile. | Country users: Russia, Algeria, India, Vietnam, China | Designer Country: Russia | Weight: Varies on variant, from 1,300 kg-1,780 kg-2,300 kg | Dimensions: Length: Varies on variant, from 6.2 m to 8.9 m; Diameter: 0.533 m",https://www.armyrecognition.com/military-products/navy/weapons-systems/missiles/3m54-1-kalibr-ss-n-27-sizzler
11,Sea-launched cruise missiles,79.5,Burevestnik 9M730 SSC-X-9 Skyfall,,Russia,,"The Burevestnik 9M730 is a nuclear-powered, nuclear-armed cruise missile developed by the Russian Federation. Designed to evade modern air and missile defense systems by flying at low altitudes with u","Type: Nuclear-powered cruise missile (surface-to-surface) | Country users: Russia | Designer Country: Russia | Launch Weight: Estimated significantly higher than conventional cruise missiles | Dimensions: Length: Approx. 12 m (with booster), 9 m (in cruise); Diameter: Approx. 1 m; Wingspan: Approx. 6 m",https://www.armyrecognition.com/military-products/army/missiles/cruise-missiles/burevestnik-9m730-ssc-x-9-skyfall
12,Sea-launched cruise missiles,79.5,Flamingo FP-5 cruise missile UAS,,Ukraine,,"The FP-5 Flamingo is a modern ground-launch UAV system/cruise missile developed by the Ukrainian defense company Fire Point. Designed as a long-range precision strike system, it combines the operation","Type: Ground-launch UAV system/cruise missile | Country users: Ukraine | Designer Country: Ukraine | Launch Weight: Maximum take-off weight: 6,000 kg | Dimensions: Length: 12 to 14 m; Wingspan: 7 m; Diameter: 0.61 m (Estimated Size)",https://www.armyrecognition.com/military-products/army/missiles/cruise-missiles/flamingo-fp-5-cruise-missile-uas
13,Sea-launched cruise missiles,79.5,JSM Joint Strike Missile AGM-184,,"Australia, Finland, Japan, Norway, United States",,"The Joint Strike Missile (JSM) is a next-generation air-launched cruise missile developed by Kongsberg Defence & Aerospace, Norway's leading defense contractor, in collaboration with Raytheon Missiles","Type: Air-launched precision-guided cruise missile | Country users: Australia, Finland, Japan, Norway, United States | Designer Country: Norway (Kongsberg Defence & Aerospace) | Launch Weight: 416 kg (917 lbs) | Dimensions: Length: 4.0 m; Diameter: 0.48 m; Wingspan: ~1.4 m",https://www.armyrecognition.com/military-products/army/missiles/cruise-missiles/jsm-joint-strike-missile
14,Sea-launched cruise missiles,79.5,Kh-101 AS-23A Kodiak,,Missile Launch Weight,,The Kh-101 is a Russian-made advanced stealthy long-range subsonic cruise missile that is launched from a strategic bomber. The missile was developed in the late 1990s by Russia's Tactical Missile Arm,Type: Range | Country users: Missile Launch Weight | Designer Country: Speed | Missile Launch Weight: Russia | Dimensions: less than 10 m,https://www.armyrecognition.com/military-products/army/missiles/cruise-missiles/kh-101-advanced-stealthy-long-range-subsonic-cruise-missile-data
15,Sea-launched cruise missiles,79.5,Kh-555,,Missile Launch Weight,,"The Kh-555 is a Russian long-range, subsonic cruise missile with a conventional or nuclear warhead, and its history can be traced back to the development of the Kh-55 in the late 1970s and early 1980s",Type: Range | Type of Warheads: Altitude Launch | Country users: Missile Launch Weight | Designer Country: Speed | Missile Launch Weight: Russia,https://www.armyrecognition.com/military-products/army/missiles/cruise-missiles/kh-555-air-launched-subsonic-cruise-missile-technical-data
16,Sea-launched cruise missiles,79.5,Kh-59 Ovod AS-13 Kingbolt,,"Algeria, China, India, Russia",,"The Kh-59 cruise missile NATO-code named AS-13 Kingbolt, developed by the Russian Tactical Missiles Corporation (KTRV), is an air-launched subsonic missile designed for precision strikes against both ","Type: Air-launched long-range cruise missile | Country users: Algeria, China, India, Russia | Designer Country: Russia | Weight: 930 kg | Dimensions: Length: 5.37 m; Diameter: 0.38 m; Wingspan: 1.26 m",https://www.armyrecognition.com/military-products/army/missiles/cruise-missiles/kh-59-ovod-as-13-kingbolt
17,Sea-launched cruise missiles,79.5,Kh-69 Х-69,,Russia,,"The Kh-69 cruise missile, developed by Tactical Missiles Corporation (KTRV) and designed by MKB Raduga, is a modern air-launched subsonic missile intended for precision strikes against high-value stat",Type: Subsonic air-launched cruise missile. | Country users: Russia | Designer Country: Russia | Weight: Up to 800 kg | Dimensions: Length: 6.0 m; Diameter: 0.42 m; Wingspan: 1.5 m,https://www.armyrecognition.com/military-products/army/missiles/cruise-missiles/kh-69-h-69
18,Sea-launched cruise missiles,79.5,NMESIS Navy-Marine Expeditionary Ship Interdiction System,,United States,,The NMESIS (Navy Marine Expeditionary Ship Interdiction System) is a highly mobile coastal anti-ship missile system developed to provide the U.S. Marine Corps with the ability to strike enemy surface ,Type: Ground-based Anti-Ship Missile System (GBASM) | Country users: United States | Designer Country: United States | Launch Weight Missile: Approximately 400 kg (880 lbs) for the Naval Strike Missile (NSM) | Dimensions Vehicle: Length: 5.5 m; Width: 2.5 m; Height: 2.3 m,https://www.armyrecognition.com/military-products/navy/weapons-systems/missiles/nmesis-navy-marine-expeditionary-ship-interdiction-system
19,Sea-launched cruise missiles,79.5,P-800 Oniks 3M55 Yakhont SS-N-26 Strobile,,"India, Indonesia, Russia, Syria, Vietnam",,"The P-800 Oniks 3M55, also known by its NATO designation SS-N-26 ""Strobile,"" is a Russian supersonic cruise missile developed by NPO Mashinostroyeniya. Designed as a multi-role weapon, it can function","Type: Supersonic anti-ship cruise missile | Country users: India, Indonesia, Russia, Syria, Vietnam | Designer Country: Russia / India | Launch Weight: 3,000 kg (6,614 pounds) | Dimensions: Length: 8.6 m; Diameter: 0.67 m; Wingspan: 1.7 m",https://www.armyrecognition.com/military-products/navy/weapons-systems/missiles/p-800-oniks-3m55-yakhont-ss-n-26-strobile
20,Sea-launched cruise missiles,79.5,RIM-7 Sea Sparrow Surface-to-Air Missile,,"Australia, Canada, Denmark, Greece, Japan, Netherlands, Norway, Spain, Turkey, United Kingdom, United Staes, South Korea, Germany, Saudi Arabia, Qatar.",,"The RIM-7 Sea Sparrow is a radar-guided, medium-range surface-to-air missile designed primarily for naval air defense. Developed to counter a variety of aerial threats, including anti-ship missiles, a","Type: Surface-to-air missile (SAM), medium-range, radar-guided. | Country users: Australia, Canada, Denmark, Greece, Japan, Netherlands, Norway, Spain, Turkey, United Kingdom, United Staes, South Korea, Germany, Saudi Arabia, Qatar. | Designer Country: United States (Initially developed by Hughes Aircraft, now produced by Raytheon). | Launch Weight Missile: Approximately 227 kg (500 lbs). | Dimensions Missile: Length: 3.66 m; Diameter: 0.18 m; Wingspan: 1.15 m",https://www.armyrecognition.com/military-products/navy/weapons-systems/missiles/rim-7-sea-sparrow-surface-to-air-missile
21,Sea-launched cruise missiles,79.5,ROGUE-Fires Carrier,,United States,,"The ROGUE-Fires Carrier vehicle is a key element of the NMESIS (Naval Mobile Expeditionary Security/Anti-Surface) system, developed to provide the U.S. Marine Corps with a mobile, land-based anti-ship",Type: Unmanned Ground Vehicle (UGV) serving as a mobile coastal defense and anti-ship missile platform. | Country users: United States | Designer Country: United States (Raytheon Missiles & Defense and Oshkosh Defense) | Launch Weight Missile: Approximately 400 kg (880 lbs) per Naval Strike Missile (NSM). | Dimensions Vehicle: Length: 6.2 m; Width: 2.5 m; Height: ? m,https://www.armyrecognition.com/military-products/navy/weapons-systems/missiles/rogue-fires-carrier
22,Sea-launched cruise missiles,79.5,SM-6 Standard Missile 6,,"Australia, Japan, South Korea, United States",,The Standard Missile 6 (SM-6) is a highly versatile and advanced shipborne surface-to-air and surface-to-surface missile developed by Raytheon for the United States Navy. Designed to provide extensive,"Type: Surface-to-air and surface-to-surface missile (anti-air, anti-missile, and anti-surface roles) | Launcher Types: - Vertical Launch System (VLS)- Compatible with Arleigh Burke-class destroyers, Ticonderoga-class cruisers, and other ships equipped with Aegis Combat System- Mid-Range Capability Typhon Missile Launcher | Country users: Australia, Japan, South Korea, United States | Designer Country: United States (Raytheon Missiles & Defense) | Launch Weight: Around 2,200 pounds (1,000 kg)",https://www.armyrecognition.com/military-products/navy/weapons-systems/missiles/sm-6-standard-missile-6
23,Air-launched munitions,78.6,AASM Hammer,,"France, Croatia, Egypt, India, Morocco, Qatar, Ukraine",,"The Armement Air-Sol Modulaire (AASM), commonly known as the AASM Hammer (Highly Agile Modular Munition Extended Range), is a French-developed, all-weather, smart air-to-surface stand-off weapon. Desi","Type: Precision-guided, air-to-surface, stand-off munition - bomb | Country users: France, Croatia, Egypt, India, Morocco, Qatar, Ukraine | Designer Country: France | Launch Weight: Approximately 340 kg (750 lb) for the 250 kg warhead configuration. | Dimensions: Length: 3.1 m; Diameter: 0.32 m; Wingspan: 0.78 m",https://www.armyrecognition.com/military-products/army/missiles/bombs/aasm-hammer
24,Air-launched munitions,78.6,AGM-154 JSOW Joint Standoff Weapon,,"Australia, Canada, Finland, Greece, Morocco, Netherlands, Poland, Qatar, Saudi Arabia, Singapore, Taiwan, Türkiye, Ukraine, United Arab Emirates, United States",,"The AGM-154 JSOW is a precision-guided, long-range glide bomb developed by Raytheon for the U.S. Navy and Air Force. It allows aircraft to strike from beyond enemy air defenses, making it a versatile ","Type: Air-to-surface glide bomb | Country users: Australia, Canada, Finland, Greece, Morocco, Netherlands, Poland, Qatar, Saudi Arabia, Singapore, Taiwan, Türkiye, Ukraine, United Arab Emirates, United States | Designer Country: United States | Launch Weight: 483 kg | Dimensions: Length: 4.1 m; Diameter: 33,02 cm; Wingspan: 2.69 m",https://www.armyrecognition.com/military-products/army/missiles/bombs/agm-154-jsow-joint-standoff-weapon
25,Air-launched munitions,78.6,AMRAAM AIM-120 Air-to-Air Missile,,"United States, Canada, United Kingdom, Germany, France, Italy, Spain, Netherlands, Norway, Denmark, Belgium, Greece, Poland, Turkey, Portugal, Finland, Sweden, Czech Republic, Romania, Hungary, Croatia, Japan, Australia, South Korea, Singapore, Malaysia, Indonesia, New Zealand, Taiwan, Israel, Saudi Arabia, United Arab Emirates, Qatar, Kuwait, Oman, Jordan, Morocco, Egypt, Chile.",,The AIM-120 Advanced Medium-Range Air-to-Air Tactical Missile (AMRAAM) is a highly advanced beyond-visual-range air-to-air missile (BVR AAM) with surface-to-air missile (SAM) capabilities. Developed t,"Type: Air-to-air tactical missile | Country users: United States, Canada, United Kingdom, Germany, France, Italy, Spain, Netherlands, Norway, Denmark, Belgium, Greece, Poland, Turkey, Portugal, Finland, Sweden, Czech Republic, Romania, Hungary, Croatia, Japan, Australia, South Korea, Singapore, Malaysia, Indonesia, New Zealand, Taiwan, Israel, Saudi Arabia, United Arab Emirates, Qatar, Kuwait, Oman, Jordan, Morocco, Egypt, Chile. | Designer Country: United States | Launch Weight: 150.75 kg | Dimensions: Length: 3.65 m; Diameter: 0.178 m; Wingspan: 0.53 m",https://www.armyrecognition.com/military-products/army/missiles/tactical-missiles/amraam-aim-120-air-to-air-missile
26,Air-launched munitions,78.6,GBU-39 SDB,,"United States, Israel, Norway, South Korea, Australia, Netherlands, Saudi Arabia, and others",,"The GBU‑39 Small Diameter Bomb (SDB) is a 250-pound class (113 kg) precision-guided glide munition developed by Boeing Defense, Space & Security for the United States Air Force. Compact and highly acc","Type: Small Diameter Bomb Precision-guided glide munition | Country users: United States, Israel, Norway, South Korea, Australia, Netherlands, Saudi Arabia, and others | Designer Country: United States (Boeing Defense, Space & Security) | Weight: 129 kg (285 pounds); warhead ~93 kg (203 pounds) | Dimensions: Length: 1.8 m; Diameter: 0.19 m; Wingspan: 1.5 m",https://www.armyrecognition.com/military-products/army/missiles/bombs/gbu-39-sdb
27,Air-launched munitions,78.6,GBU-57 GBU-57A/B MOP bunker-buster bomb,,United Staes,,"The GBU-57A/B Massive Ordnance Penetrator (MOP) is a precision-guided, deep-penetration bomb developed by the American Company Boeing for the United States Air Force. Designed to defeat deeply buried ","Type: Precision-guided deep-penetration bomb | Country users: United Staes | Designer Country: United States | Weight: Approximately 13,600 kilograms (30,000 pounds) | Dimensions: Length: 6.2 m; Diameter: 0.8 m; Wingspan: ~ 2.0 m",https://www.armyrecognition.com/military-products/army/missiles/bombs/gbu-57-gbu-57a-b-mop-bunker-buster-bomb
28,Air-launched munitions,78.6,GBU-75 JDAM-LR Joint Direct Attack Munition Long-Range Bomb,,United States,,"The GBU-75 JDAM-LR (Joint Direct Attack Munition Long Range) is a new-generation long-range precision-strike weapon developed by Boeing for the U.S. military. Derived from the extensive JDAM program, ",Type: Long-range powered precision-guided air-to-surface munition | Country users: United States | Designer Country: United States - Boeing | Launch Weight: Complete launch weight not publicly disclosed; 500 lb-class (226 kg) payload capacity | Dimensions: Length: ? m; Wingspan: ? m; Diameter: ? m,https://www.armyrecognition.com/military-products/army/missiles/bombs/jdam-lr-joint-direct-attack-munition-long-range
29,Air-launched munitions,78.6,GLSDB Ground-Launched Small-Diameter Bomb,,Weight,,"The GLSDB (Ground Launched Small Diameter Bomb) is a long-range, precision-guided weapon system developed jointly by the United States and Sweden. It combines the proven capabilities of two existing w",Type: Range | Type of warheads: Altitude | Country users: Weight | Designer Country: Speed | Weight: United States,https://www.armyrecognition.com/military-products/army/missiles/bombs/glsdb-ground-launched-small-diameter-bomb-technical-data
30,Air-launched munitions,78.6,JDAM JDAM-ER,,Launch Weight,,"The Joint Direct Attack Munition (JDAM) and JDAM-ER (Extended Range) serve as a guidance system, transforming unguided or ""dumb"" bombs into all-weather, precision-guided weaponry. This technology was ",Type: Accuracy | Country users: Launch Weight | Designer Country: Ceiling | Launch Weight: In service with 37 countries all over the world. | Length: GBU-31: 63.5 cm; GBU-32: 49.8 cm; GBU-38: 35.6 cm,https://www.armyrecognition.com/military-products/army/missiles/bombs/jdam-joint-direct-attack-munition-gps-inertial-precision-strike-munition-data
31,Air-launched munitions,78.6,Kh-47 Kh-47M2 Kinzhal Dagger - AS-24 Killjoy,,Missile Launch Weight,,"The Kh-47 Kinzhal (Russian: Х-47 Кинжал), also known as the Dagger, NATO reporting name AS-24 Killjoy, is a Russian-made air-launched nuclear-capable hypersonic missile. It is a highly maneuverable an",Type: Range | Type of Warheads: Altitude | Country users: Missile Launch Weight | Designer Country: Speed | Missile Launch Weight: Russia,https://www.armyrecognition.com/military-products/army/missiles/hypersonic-missiles/kh-47-kinzhal-air-launched-nuclear-capable-hypersonic-missile-system-data
32,Naval vessels,77.7,Columbia-class submarine (SSBN),,United States (U.S. Navy),,The Columbia-class is the U.S. Navy's next-generation of nuclear-powered ballistic missile submarines (SSBNs) developed to replace the fourteen Ohio-class SSBNs that have formed the sea-based componen,Type: Nuclear-powered ballistic missile submarine (SSBN) | Country users: United States (U.S. Navy) | Designer Country: United States (General Dynamics Electric Boat; Newport News Shipbuilding) | Dimensions: Length: 171 m; Beam: 13 m; Height: Not specified | Speed: 20+ knots submerged,https://www.armyrecognition.com/military-products/navy/submarines/cruise-missile-submarines/columbia-class-submarine-ssbn
33,Naval vessels,77.7,Constellation class frigate FFGX FFG-62,,United States,,"The Constellation-class frigate is the U.S. Navy's modern, multi-mission guided-missile frigate, designed to address the demands of 21st-century naval warfare. Developed by Fincantieri Marinette Marin","Country users: United States | Designer Country: United States | Dimensions: Length: 496 ft (151.18 m); Beam: 65 ft (19.81 m); Height: 1.87 m | Engine and Propulsion: The frigate employs a Combined Diesel-Electric and Gas (CODLAG) propulsion system, featuring a General Electric LM2500+G4 gas turbine, 2 INDAR electric propulsion motors generating 3.4 MW each, and 4 Rolls-Royce MTU 20V 4000 M53B diesel generators for a combined output of 12 MW. This system powers 2 fixed-pitch propellers and an auxiliary hydraulic retractable thruster for enhanced maneuverability | Engines: CODLAG General Electric LM2500+G4 gas turbine, 2 × electric propulsion motors, 4 × ship service diesel generators Rolls-Royce MTU 20V 4000 M53B engine 3000 kW for a total output of 12 MW, 2 x fixed-pitch propellers, auxiliary propulsion unit Thrustmasters of Texas Hydrologic Retractable Thruster",https://www.armyrecognition.com/military-products/navy/frigates/constellation-class-frigate-ffgx-ffg-62
34,Naval vessels,77.7,Dolphin-class submarine,,Israeli Navy (Shayetet 7 submarine flotilla),,"Replacing the three smaller Gal-class submarines that had entered Israeli service from 1977, the Dolphin-class is a family of six diesel-electric attack submarines developed for the Israeli Navy’s Sha",Type: Diesel-electric attack submarine (SSK)Dolphin-I: Conventional diesel-electric attack submarineDolphin-II: Air-independent propulsion (AIP) diesel-electric attack submarine | Country users: Israeli Navy (Shayetet 7 submarine flotilla) | Designer Country: Israel (development and system integration)Germany (construction by Howaldtswerke-Deutsche Werft) | Dimensions: Dolphin-I: Length: 57.3 m; Beam: 6.8 m; Draught: 6.2 m.Dolphin-II: Length: 68.6 m; Beam: 6.8 m; Draught: 6.2 m.INS Drakon: Estimated length: 73-74 m; Beam: 6.8 m; Draught: 6.2 m. | Maximum submerged speed: Dolphin-I: 20 knots (37 km/h); Dolphin-II: over 25 knots (46 km/h),https://www.armyrecognition.com/military-products/navy/submarines/attack-submarines/dolphin-class-submarine-israel-technical-specs
35,Naval vessels,77.7,Dreadnought-class SSBN Submarine,,United Kingdom – Royal Navy Submarine Service,,The Dreadnought-class is the future generation of British nuclear-powered ballistic missile submarines (SSBNs) developed by the Royal Navy to replace the Vanguard-class and preserve the United Kingdom,Type: Nuclear-powered ballistic missile submarine (SSBN) | Country users: United Kingdom – Royal Navy Submarine Service | Designer Country: United KingdomPrimary manufacturer: BAE Systems Submarines | Dimensions: Length: approximately 153.6 m; Beam: approximately 12.8 m | Engine: - Rolls-Royce PWR3 pressurized water nuclear reactor- Turbo-electric drive system- Pump-jet propulsor,https://www.armyrecognition.com/military-products/navy/submarines/attack-submarines/dreadnought-class-ssbn-submarine
36,Naval vessels,77.7,E-2D Advanced Hawkeye,,United States,,"The E-2D Advanced Hawkeye (Enhanced/Block II configuration) is the most advanced operational standard in the Hawkeye series, engineered to deliver persistent airborne early warning, battle management,","Type: Carrier based airborne early warning, battle management, and command and control aircraft | Country users: United States | Designer Country: United States | Weight: Empty 18144 kg (40000 lb), Maximum takeoff 26082 kg (57500 lb) | Dimensions: Length: 17.53 m; Wingspan: 24.56 m; Height: 5.56 m",https://www.armyrecognition.com/military-products/navy/naval-aircraft/e-2d-advanced-hawkeye
37,Naval vessels,77.7,EA-18G Growler,,"Australia, United States",,"The Boeing EA-18G Growler is a carrier-based airborne electronic warfare attack aircraft designed to suppress, degrade, and exploit adversary electromagnetic systems while maintaining compatibility wi","Type: Carrier-based electronic warfare aircraft | Country users: Australia, United States | Designer Country: United States (Boeing; Northrop Grumman) | Weight: Maximum takeoff weight approximately 29,900 kg (65,900 lb) | Dimensions: Length 18.31 m (60 ft 1 in); Height 4.88 m (16 ft); Wingspan 13.62 m (44 ft 8 in)",https://www.armyrecognition.com/military-products/navy/naval-aircraft/ea-18g-growler
38,Naval vessels,77.7,FDI Frigate Belharra-class,,"France, Greece",,"The FDI Frégate de Défense et d’Intervention (Defense and Intervention Frigate) is an advanced class of multi-role frigates developed by Naval Group, a French naval shipbuilder. Commissioned by the Fr","Type: Multi-role first-rate frigate (classified as a destroyer by NATO) | Country users: France, Greece | Designer Country: France | Dimensions: Length: 122 m; Beam: 18 m; Height: 33 m | Engine: The FDI propulsion is provided by a Combined Diesel and Diesel (CODAD) system, producing up to 32 megawatts of power. This configuration propels the ship to a top speed of 27 knots and grants a range of 5,000 nautical miles at cruising speed. The design prioritizes acoustic discretion, vital for anti-submarine warfare, and endurance of up to 45 days. Twin controllable-pitch propellers offer maneuv",https://www.armyrecognition.com/military-products/navy/frigates/fdi-frigate
39,Naval vessels,77.7,GMF 140 Guided Missile Frigate,,None,,"The GMF 140 is a 140 m guided missile frigate developed by the German company Rheinmetall for anti-air warfare, ballistic missile defense, anti-submarine warfare, and long-range precision strike missi","Type: Guided missile frigate | Country users: None | Designer Country: Germany | Dimensions: Length: 140 m ; Beam: undisclosed; Height: undisclosed | Engine and propulsion: Rheinmetall has not disclosed the propulsion architecture of the GMF 140. The press release does not identify diesel engines, gas turbines, electric motors, reduction gears, propellers, shafts or waterjets. Installed power, electrical generation capacity and machinery arrangement are also absent. It is therefore not possible to determine whether the ship uses CODAD, CODAG, CODOG, CODLAG, integrate",https://www.armyrecognition.com/military-products/navy/frigates/rheinmetall-gmf-140-guided-missile-frigate
40,Naval vessels,77.7,Improved Kilo-Class Project 636,,"Algeria, India, Russia",,"The Russian-made Improved Kilo-class is a modernized version of the Kilo-class diesel-electric attack submarines, originally developed by the Soviet Union. The NATO reporting name for this class is Ki","Type: Diesel-electric attack submarine | Country users: Algeria, India, Russia | Designer Country: Russia, Admiralty Shipyards (St. Petersburg) | Dimensions: Length: 73.8 m; Beam: 9.9 m; Draft: 6.6 m | Speed: 12 knots, Submerged: 19.8 knots",https://www.armyrecognition.com/military-products/navy/submarines/attack-submarines/improved-kilo-class-type-636
41,Naval vessels,77.7,Khabarovsk-class Project 09851,,Russia,,"The Khabarovsk-class, officially designated Project 09851, is a nuclear-powered special-purpose strategic submarine designed by the Rubin Central Design Bureau and constructed by Sevmash in Severodvin",Type: Nuclear-powered special-purpose strategic submarine | Country users: Russia | Designer Country: Russia | Dimensions: Length 113 m; Beam 10 m; Draught ~10 m | Speed: 30–32 knots submerged,https://www.armyrecognition.com/military-products/navy/submarines/attack-submarines/khabarovsk-class-project-09851
42,Naval vessels,77.7,LHD Trieste class,,Italy,,"The Trieste is Landing Helicopter Dock (LHD) of the Italian Navy, designed to enhance Italy's amphibious warfare and power projection capabilities. Built by Fincantieri, a leading Italian shipbuilding","Country users: Italy | Designer Country: Italy | Dimensions: Length: 245 m; Beam: 47 m; Depth: 7.2 m | Engines: The Trieste is powered by a Combined Diesel or Gas (CODOG) propulsion system, comprising two Rolls-Royce MT30 gas turbines delivering 76,000 kW and two MAN 20V32/44CR diesel engines providing 24,000 kW. This configuration enables a maximum speed of 25 knots. For low-speed operations, the ship utilizes two 2,250 kW electric engines, allowing speeds up to 10 knots. The vessel boasts a range of 7,000 | Speed: 25 knots (46 km/h; 29 mph) on TAGs, 18 knots (33 km/h; 21 mph) on diesel engines, 10 kn (19 km/h; 12 mph) on electric engines",https://www.armyrecognition.com/military-products/navy/amphibious-warfare-ship/amphibious-assault-ship/lhd-trieste-class
43,Naval vessels,77.7,Liaoning Type 001,,China,,The Type 001 Aircraft Carrier Liaoning is the first aircraft carrier commissioned into the People's Liberation Army Navy (PLAN) of China. Originally laid down as the Soviet Navy's Kuznetsov-class carr,"Country users: China | Designer Country: USSR | Dimensions: Length: 306.4 m; Beam: 74.4 m | Engine and Propulsion: The propulsion system of the Liaoning is conventional, relying on steam turbines powered by eight KVG-4 boilers. These boilers feed into four steam turbines, generating a combined total of approximately 200,000 shaft horsepower (shp). The power is distributed across four shafts with four fixed-pitch propellers. Additionally, the vessel has nine 2,011 hp (1,500 kW) turbogenerators and six 2,011 hp  | Speed: 32 knots (59 km/h; 37 mph)",https://www.armyrecognition.com/military-products/navy/aircraft-carriers/liaoning-type-001
44,Naval vessels,77.7,MH-60R Seahawk,,"United States, Australia, Denmark, Greece, India, Norway, Saudi Arabia, South Korea, Spain",,"The Sikorsky MH-60R Seahawk is a multi-mission naval helicopter developed by Sikorsky Aircraft, a Lockheed Martin company, for the United States Navy and allied naval forces. Designed for anti-submari","Type: Twin-engine, multi-mission naval helicopter | Country users: United States, Australia, Denmark, Greece, India, Norway, Saudi Arabia, South Korea, Spain | Designer Country: United States | Weight: 10,659 kg | Dimensions: Length: 19.76 m; Rotor Diameter: 16.36 m; Height: 5.18 m",https://www.armyrecognition.com/military-products/navy/naval-aircraft/mh-60r-seahawk
45,Naval vessels,77.7,Mogami-class,,"Australia, Japan",,"The Mogami-class is a modern, stealth-oriented, multi-mission frigate developed for the Japan Maritime Self-Defense Force (JMSDF). Designed by Mitsubishi Heavy Industries (MHI) and constructed in coll","Type: Multi-mission stealth frigate (30FFM / 30DX) | Country users: Australia, Japan | Designer Country: Japan (MHI & Mitsui E&S) | Dimensions: Length: 132–133 m; Beam: 16.3 m; Draft: ~9 m | Engine: Mogami-class is powered by a Combined Diesel and Gas (CODAG) propulsion system. This includes a single Rolls-Royce MT30 marine gas turbine, producing up to 36 MW, and two MAN 12V28/33D STC diesel engines. The twin-shaft configuration, equipped with controllable-pitch propellers, delivers a maximum speed exceeding 30 knots and optimized fuel efficiency for long-range cruising. Mogami-class features",https://www.armyrecognition.com/military-products/navy/frigates/mogami-class
46,Naval vessels,77.7,Nimitz-class aircraft carrier,,United States,,"The Nimitz-class aircraft carriers are warships, serving as the centerpiece of the United States Navy's carrier strike groups. Named after Fleet Admiral Chester W. Nimitz, a key naval commander during","Country users: United States | Designer Country: United States | Dimensions: Length O: 1,092 feet (332.8 m), Beam O: 252 ft (76.8 m) and Draft: 37 feet (11.3 m) | Engine and Propulsion: The Nimitz-class carriers are powered by two Westinghouse A4W nuclear reactors, each generating energy through 93.5% highly enriched uranium (HEU). These reactors drive four steam turbines connected to four shafts, delivering an impressive output of 260,000 shaft horsepower (shp) or 194 megawatts (MW). This configuration allows the carriers to achieve speeds exceeding 30 knots (approximately 56 km | Engines and propulsion: 2 x Westinghouse A4W nuclear reactors, 4 x steam turbines and 4 x shafts",https://www.armyrecognition.com/military-products/navy/aircraft-carriers/nimitz-class-aircraft-carrier
47,UGVs,75.0,AvantGuard UGCV,,Israel,,"• Tele-operation or semi-autonomous mission execution • Real-time, self-ruling, obstacle’s detection and avoidance • Proven safe-system • All terrain maneuverability • Easy to operate, dedicated comma",Country users: Israel | Weight: 1.746 kg | Dimensions: Height: ? m; Width: ? m; Lenght: ? m a | Speed: 20 km/h | Range: ? a a,https://www.armyrecognition.com/military-products/army/unmanned-systems/unmanned-ground-vehicles/avantguard-israel-uk
48,UGVs,75.0,Guardium UGV,,Israel,,"Operationally deployed by the Israeli Army, the Guardium UGV™, a semi-autonomous unmanned ground system, revolutionizes the effectiveness and utility of perimeter security and represents a long awaite","Country users: Israel | Weight: 1.400 kg | Dimensions: Height: 2.2 m; Width: 1,8 m; Lenght: 2.95 m a | Speed: 50 km/h (in semi-autonomous mode) | Range: 24 hours and up to days of continuous operation a a",https://www.armyrecognition.com/military-products/army/unmanned-systems/unmanned-ground-vehicles/guardium-ugv-israel-uk
49,UGVs,75.0,Guardium-LS,,Israel,,"• Easy to operate, dedicated command & control application; • Built-in debriefing and training capabilities; • Variety of customer tailored wireless communication solutions • 24 hours and up to days o",Country users: Israel | Weight: 1.200 kg | Speed: 50 km/h (in semi-autonomous mode) | Range: 24 hours and up to days of continuous operation a a | Armament: Possibility to install a Remotely Operated Weapons System and Non-lethal Weapons Systems,https://www.armyrecognition.com/military-products/army/unmanned-systems/unmanned-ground-vehicles/guardium-lg-israel-uk
50,UGVs,75.0,Sharp Claw 1,,Weight,,The Sharp Claw 1 is an Unmanned Ground Vehicle (UGV) developed and designed by the Chinese Defense Company NORINCO (China North Industries Corporation). Sharp Claw I is one of two vehicles in the Shar,Country users: Weight | Designer Country: Speed | Weight: China | Dimensions: 1 | Speed: China,https://www.armyrecognition.com/military-products/army/unmanned-systems/unmanned-ground-vehicles/sharp-claw-1-ugv-unmanned-ground-vehicle-china-data-fact-sheet
51,Aircraft,74.5,F-16A/B Fighting Falcon,F-16A; F-16B,United States,General Dynamics (now Lockheed Martin),"Single-seat, single-engine, all-weather multirole fighter aircraft developed by General Dynamics (now Lockheed Martin). The F-16A is the single-seat variant while the F-16B is the two-seat training ve","Type: Multirole fighter (single-seat F-16A, two-seat F-16B) | Crew: 1 | Engine: 1 x Pratt & Whitney F100-PW-200 afterburning turbofan, 23,830 lbf (106 kN) thrust | Length: 15.06 m (49.4 ft) | Wingspan: 9.45 m (31 ft)",https://www.armyrecognition.com/military-products/air/fighter/f-16a-b-fighting-falcon
52,Aircraft,74.5,F-35A Lightning II,F-35A,United States,Lockheed Martin,"Single-seat, single-engine, all-weather stealth fifth-generation multirole fighter aircraft developed by Lockheed Martin for the US Air Force. The F-35A is the standard take-off and landing (CTOL) ver","Crew: 1 | Engine: 1 x Pratt & Whitney F135-PW-100 turbofan (28,000 lb dry / 43,000 lb with afterburner) | Length: 15.7 m | Wingspan: 10.7 m | Height: 4.4 m",https://www.armyrecognition.com/military-products/air/fighter/f-35a-lightning-ii
53,UAVs,74.1,Euro Hawk,,Germany,,"EURO HAWK® is an high-altitude, long-endurance (HALE), signals intelligence (SIGINT) unmanned aircraft system based on the RQ-4 Global Hawk produced by Northrop Grumman for the German Bundeswehr. With","Type: High altitude long endurance Unmanned Aircraft System UAS | Country users: Germany | Designer Country: United States - Germany | Weight: 14,628 kg | Dimensions: Length, 14,5 m; Wingspan, 39,9m; Height, 4,6 m",https://www.armyrecognition.com/military-products/army/unmanned-systems/unmanned-aerial-vehicles/euro-hawk; https://www.armyrecognition.com/military-products/air/unmanned-aircraft-system/euro-hawk-uas-unmanned-aircraft-system-technical-data-sheet-specifications-intelligence-description-information-identification-pictures-photos-images-video-germany-german-air-force-defence-industry-military-technology
54,UAVs,74.1,Hero 120 Loitering Munition,,"Israel, United States",,"The HERO 120 is a medium-range anti-tank loitering munition developed by Israeli company UVision Air Ltd. Designed to provide frontline units with independent intelligence, surveillance, and reconnais","Country users: Israel, United States | Designer Country: Israel | Weight: 24 kg | Range: Up to 60 km | | Endurance: Up to 60 minutes",https://www.armyrecognition.com/military-products/army/unmanned-systems/unmanned-aerial-vehicles/hero-120-loitering-munition
55,UAVs,74.1,Lancet-1,,Weight,,"The Lancet-1 is a Russian-made loitering munition also called kamikaze our suicide drone designed, developed, and produced by the Company Zala Group, a subdivision of the Kalashnikov Group. The drone ","Type: Targets | Country users: Weight | Designer Country: Speed | Weight: Armenia, Azerbaijan, Russia | Speed: Russia",https://www.armyrecognition.com/military-products/army/unmanned-systems/unmanned-aerial-vehicles/lancet-1-loitering-munition-kamikaze-drone-russia-data-fact-sheet
56,UAVs,74.1,Lancet-3,,Weight,,"The Lancet-3 is the largest variant in the Russian-made Lancet family of loitering munitions also called suicide or kamikaze drone. It was designed and developed by the Russian company Zala Group, a s",Type: Targets | Country users: Weight | Designer Country: Speed | Weight: Russia | Speed: Russia,https://www.armyrecognition.com/military-products/army/unmanned-systems/unmanned-aerial-vehicles/lancet-3-loitering-munition-kamikaze-drone-russia-data-fact-sheet
57,UAVs,74.1,LUCAS FLM 136,,United States,,"The LUCAS (Low-cost Unmanned Combat Attack System) is a U.S. long-range loitering munition / one-way attack unmanned aerial vehicle developed and manufactured by SpektreWorks, a defense technology com",Type: Long-range loitering munition / one-way attack UAV | Country users: United States | Designer Country: United States | Weight: 81.6 kg (180 lb) | Dimensions: Length: 2.99 m; Wingspan: 2.50 m; Height: 0.46 m,https://www.armyrecognition.com/military-products/army/unmanned-systems/unmanned-aerial-vehicles/lucas-flm-136
58,UAVs,74.1,Milkor 380,,"South Africa (initial market focus), potential export customers in Africa, Middle East, and Asia.",,"The Milkor 380 UAV is an unmanned aerial vehicle (UAV) developed by Milkor (Pty) Ltd, a South African defense manufacturer. This medium-altitude, long-endurance (MALE) UAV is designed for multi-role a","Type: Medium-Altitude Long-Endurance (MALE) Unmanned Aerial Vehicle (UAV) | Country users: South Africa (initial market focus), potential export customers in Africa, Middle East, and Asia. | Designer Country: South Africa (Milkor (Pty) Ltd) | Weight: Maximum Takeoff Weight (MTOW): 1,500 kg | Dimensions: Length: 9.0 m; Height: ? m; Wingspan: 18.0 m",https://www.armyrecognition.com/military-products/army/unmanned-systems/unmanned-aerial-vehicles/milkor-380
59,UAVs,74.1,MQ-9 Reaper Predator B,,"France, India, Italy, Netherlands, Spain, United Kingdom, United States",,"The MQ-9 Reaper (previously Predator B) is a medium-to-high altitude, long-endurance remotely piloted aircraft system. (UAS), capable of remote-controlled or autonomous flight operations, developed by","Country users: France, India, Italy, Netherlands, Spain, United Kingdom, United States | Designer Country: United States | Weight: 2,223 kg | Dimensions: Lenght: 11,0 m; Wingspan: 20,1 m; Height: 3,8 m | Engine: The Reaper has a 950-shaft-horsepower (712 kW) turboprop engine, far more powerful than the Predator's 115 hp (86 kW) piston engine, The MQ-9 Reaper Predator B can also be used as an armed multi-mission UAV, launching AGM-114C/K Hellfire missiles and other guided weapons. The increase in power allows the Reaper to carry 15 times more ordnance and cruise at three times the speed of the MQ-1 Predato",https://www.armyrecognition.com/military-products/army/unmanned-systems/unmanned-aerial-vehicles/mq-9-reaper-predator-b
60,UAVs,74.1,Repeynik radar,,Detection altitude,,Repeynik radar in English Burdock is a cutting-edge surveillance system designed for the detection and tracking of ultra-small objects such as UAVs (Unmanned aerial Vehicles) within a range of up to 1,Type: Detection range | Country users: Detection altitude | Designer Country: Speed of target detection | Dimensions Radar: 5 minutes | Speed of target detection: Russia,https://www.armyrecognition.com/military-products/army/radars/ground-radars/repeynik-burdock-radar-for-surveillance-detection-tracking-of-uavs-data
61,UAVs,74.1,S-70 Okhotnik-B Hunter UCAV,,Russia,,"The S-70 Okhotnik-B, also known as ""Hunter,"" is a Russian-made stealth unmanned combat aerial vehicle (UCAV) developed by Sukhoi under the Russian Ministry of Defense. Designed for reconnaissance, ele","Type: Unmanned Combat Aerial Vehicle (UCAV) with stealth capabilities | Country users: Russia | Designer Country: Russia | Weight: - Empty weight: 10,000 to 20,000 kg- Max takeoff weight: 25,000 kg | Dimensions: Length: 14.0 m; Height: 3.0 to 4.0 m; Wingspan: ± 20.0 m",https://www.armyrecognition.com/military-products/army/unmanned-systems/unmanned-aerial-vehicles/s-70-okhotnik-b-hunter-ucav
62,UAVs,74.1,Sky-Watch Huginn X1 X2 UAV,,?,,The Sky-Watch Huginn X1 is light helicopter UAV solution designed and manufactured in Denmark. The Huginn X1 is designed as a total solution capable of handeling both exterior and interior recon fligh,"Type: Light Reconnaissance and surveillance unmanned aircraft vehicle | Country users: ? | Designer Country: Denmark | Weight: 0.9 kg | Dimensions: Lenght, 0,58 m; Diameter, 0,68 m;",https://www.armyrecognition.com/military-products/army/unmanned-systems/unmanned-aerial-vehicles/sky-watch-huginn-x1-denmark-uk
63,UAVs,74.1,Switchblade 300 Loitering Munition,,"France, Ukraine, United States",,"The Switchblade 300 is a miniature loitering munition or suicide drone developed and designed by the American company AeroVironment. It is a backpackable, rapidly deployable, loitering precision strik","Type: Miniature loitering munition also called suicide drone | Country users: France, Ukraine, United States | Designer Country: United States | Weight: 2.5 kg | Range: 600 km",https://www.armyrecognition.com/military-products/army/unmanned-systems/unmanned-aerial-vehicles/switchblade-300
64,UAVs,74.1,Switchblade 600 Loitering Munition,,"Ukraine, United States",,The Switchblade 600 is a loitering munition also called a suicide drone developed and designed by the American company AeroVironment. It is the big brother of the Switchblade 300 but fitted with an AT,"Type: Anti-armor loitering munition | Country users: Ukraine, United States | Designer Country: United States | Weight system: 54.5 kg | Dimensions: Length: 1.3 m airframe",https://www.armyrecognition.com/military-products/army/unmanned-systems/unmanned-aerial-vehicles/switchblade-600-loitering-munition
65,UAVs,74.1,TB2 Bayraktar Drone,,"Turkey, Ukraine, Qatar, Azerbaijan, Turkmenistan, Somalia, Libya, Poland, Kosovo, Bosnia and Herzegovina, Ethiopia, Chad, Morocco, Tunisia, Armenia, Kyrgyzstan, Mauritania, Albania, Northern Cyprus, the United Arab Emirates, Saudi Arabia, Croatia, Senegal, Kuwait and others",,"The Bayraktar TB2 is a Turkish-made tactical unmanned aerial vehicle (UAV) designed for intelligence, surveillance, reconnaissance (ISR), and precision strike missions. Developed by Baykar Makina, a T","Type: Tactical UAV Unmanned Aerial Vehicle | Country users: Turkey, Ukraine, Qatar, Azerbaijan, Turkmenistan, Somalia, Libya, Poland, Kosovo, Bosnia and Herzegovina, Ethiopia, Chad, Morocco, Tunisia, Armenia, Kyrgyzstan, Mauritania, Albania, Northern Cyprus, the United Arab Emirates, Saudi Arabia, Croatia, Senegal, Kuwait and others | Designer Country: Türkiye | Weight: Maximum takeoff weight (MTOW) of approximately 650 kilograms (1,433 lbs). | Dimensions: Length: 6.5 m; Height: 2.2 m; Wingspan: 12.0 m",https://www.armyrecognition.com/military-products/army/unmanned-systems/unmanned-aerial-vehicles/bayraktar-tb2
66,UAVs,74.1,V-BAT VTOL,,"Australia, Canada, France, Germany, Israel, Japan, Netherlands, New Zealand, South Korea, United Kingdom, United States, various military contractors and commercial entities.",,The V-BAT is an advanced Vertical Take-Off and Landing (VTOL) unmanned aerial system (UAS) developed by Shield AI in collaboration with Martin UAV. This UAS combines the versatility of rotary-wing fli,"Type: Vertical Take-Off and Landing (VTOL) Unmanned Aerial System (UAS) | Country users: Australia, Canada, France, Germany, Israel, Japan, Netherlands, New Zealand, South Korea, United Kingdom, United States, various military contractors and commercial entities. | Designer Country: United States | Payload Weight: Up to 11.3 kg | Dimensions: Length: 2.74 m; Height: 2.4 m; Wingspan: 2.96 m",https://www.armyrecognition.com/military-products/army/unmanned-systems/unmanned-aerial-vehicles/v-bat-vtol
67,UGVs,74.0,Uran-9,Uran-9 UGCV; Uran-9 UGV Unmanned Ground Combat Vehicle,Russia,766th UPTK (Rostec),"Armed tracked unmanned ground vehicle designed to deliver combined combat, reconnaissance and counter-terrorism units with remote reconnaissance and fire support. It can be operated fully autonomously","Weight: 10,000 kg | Armament: 30mm 2A72 automatic cannon, four 9M120-1 Ataka ATGMs, six Shmel-M reactive flamethrowers, 7.62mm PKT/PKTM coaxial machine gun | Max road speed: 35 km/h (cross-country 25 km/h) | Remote control range: 3,000 m | Dimensions: L 5.12 m; W 2.53 m; H 2.5 m",https://www.armyrecognition.com/military-products/army/unmanned-systems/unmanned-ground-vehicles/uran-9-ugcv-ugv-unmanned-ground-combat-vehicle-technical-data-sheet-specifications-pictures-video-10910163
68,EW assets,73.2,1RL257 or Krasukha-4 Jamming Station,,Weight truck,,The 1RL257 or Krasukha-4 is a Russian-made mobile electronic warfare system designed and manufactured by the Company Bryansk Electromechanical Plant (KRET). The Krasukha-4 is intended to neutralize Lo,Type: Armor | Country users: Weight truck | Designer Country: Speed truck | Weight truck: Russia | Dimensions: 3,https://www.armyrecognition.com/military-products/army/electronic-warfare/1rl257-or-krasukha-4-jamming-station
69,EW assets,73.2,Ilyushin Il-20M Coot-A,,Russia,,"The Ilyushin Il-20M, designated by NATO as ""Coot-A,"" is a Soviet-origin electronic intelligence (ELINT) and reconnaissance aircraft developed during the Cold War and still in operational use by the Ru","Type: Electronic Intelligence (ELINT) and Reconnaissance Aircraft | Country users: Russia | Designer Country: Russia | Weight: Maximum Takeoff Weight approximately 64,000 kg | Dimensions: Length: 36.0 m; Wingspan 37.5 m; Height: 10.1 m",https://www.armyrecognition.com/military-products/air/other/electronic-warfare/ilyushin-il-20m
70,EW assets,73.2,Infauna K1Sh1 UNSh-12,,Vehicle Weight,,The Infauna is a Russian-made electronic warfare system used as a radio communication jammer. The vehicle is based on a modified chassis of the BTR-80 wheeled armored personnel carrier named K1Sh1 (GA,Type: Armor | Country users: Vehicle Weight | Designer Country: Vehicle Speed | Vehicle Weight: Russia | Dimensions: 8,https://www.armyrecognition.com/military-products/army/electronic-warfare/infauna-russia-uk
71,EW assets,73.2,Leer-2 85Ya6,,Weight,,"The Leer-2 also called Tigr-M MKTK REI PP VPK-233114 called is a mobile technical control, electronic emulation and electronic countermeasures system which is based on the Tigr-M 4x4 armored vehicle. ",Country users: Weight | Designer Country: Speed vehicle | Weight: Russia | Dimensions: 2 + 4 soldiers | Speed vehicle: Russia,https://www.armyrecognition.com/military-products/army/electronic-warfare/tigr-m-mktk-rei-pp-leer-2-russia-uk
72,EW assets,73.2,Murmansk BN Electronic Warfare,,Area of jamming,,The Murmansk BN is a modern electronic warfare system developed by the Russian company KRET. The system is designed to perform long-range communications jamming and was developed as part of a Russian ,"Type: Jamming frequency | Country users: Area of jamming | Designer Country: Jamming range | Jamming range: Russia | Equipment: The Murmansk-BN consists of different vehicles based on military truck chassis including groups of up to four extendable antenna masts – two of which each on a dedicated Kamaz or Ural truck, which then tows a further antenna on a trailer. The masts extend to 32 meters in height. Each full Murmansk-BN complex normally has four of these antenna groups, making 16 antennas in total. Each antenna group",https://www.armyrecognition.com/military-products/army/electronic-warfare/murmansk-bn-electronic-warfare-communications-jamming-system-data
73,EW assets,73.2,P-3C Orion,,"Argentina, Australia, Brazil, Canada, Chile, Germany, Greece, Iran, Japan, New Zealand, Norway, Pakistan, Portugal, South Korea, Spain, Taiwan, Thailand, United States",,The P-3 Orion is a four-engine turboprop anti-submarine and maritime surveillance aircraft developed for the United States Navy and introduced in the 1960s. The P-3 Orion is a peerless airborne hunter,"Type: Maritime patrol aircraft | Country users: Argentina, Australia, Brazil, Canada, Chile, Germany, Greece, Iran, Japan, New Zealand, Norway, Pakistan, Portugal, South Korea, Spain, Taiwan, Thailand, United States | Weight: 35,000 kg empty - 64,400 kg take-off | Engine: 4 × Allison T56-A-14 turboprop, 4,600 shp (3,700 kW) each | Speed: 411 km/h maximum",https://www.armyrecognition.com/military-products/air/other/electronic-warfare/p-3c-orion
74,EW assets,73.2,R-330ZH Zhitel,,Weight Truck,,The R-330ZH also named Zhitel is a jamming communication station designed and manufactured by the Russian Company Protek. The system is in service with the Russian army and deployed by the 18th motor ,Type: Truck | Country users: Weight Truck | Designer Country: Speed Truck | Weight Truck: Russia | Dimensions: ?,https://www.armyrecognition.com/military-products/army/electronic-warfare/r-330zh-jamming-station-russia-uik
75,EW assets,72.2,1RL257 (Krasukha-4) Jamming Station,Krasukha-4; Krasuha-4; 1RL257,Russia,Bryansk Electromechanical Plant (KRET),"Russian-made mobile broadband multifunctional jamming station intended to neutralize Low-Earth Orbit spy satellites, ground-based radars, and airborne radars (AWACS) at ranges between 150 to 300 km. T","Target range: 150-300 km (LEO satellites, ground-based and AWACS radars) | Weight: 12,450 kg | Max speed: 95 km/h | Road range: 1,000 km | Crew: 3",https://www.armyrecognition.com/military-products/army/electronic-warfare/1rl257-or-krasukha-4-jamming-station
76,Aircraft,71.7,KIZILELMA unmanned fighter aircraft (Baykar Technologies),,Türkiye,Baykar Technologies,"The Bayraktar KIZILELMA is a jet-powered, low-observable Unmanned Fighter Aircraft developed by Türkiye’s Baykar for air-to-air combat, strategic attack, suppression and destruction of enemy air defen","Type: Unmanned Fighter Aircraft; jet-powered unmanned combat aircraft; low-observable multirole air-combat and strike platform | Maximum take-off weight: 8,500 kg | Dimensions: Length: 14.5 mWingspan: 10 mHeight: 3.5 m | Cruise speed: Mach 0.6 | Maximum speed: Mach 0.9 for the currently published baseline configuration",https://www.armyrecognition.com/military-products/air/unmanned-aircraft-system/kizilelma-baykar-technologies
77,Aircraft,71.7,YFQ-44A Fury (Anduril),,United States,Anduril Industries,The YFQ-44A Fury is a next-generation Collaborative Combat Aircraft (CCA) and Uncrewed Combat Aerial Vehicle (UCAV) developed by Anduril Industries for the United States Air Force (USAF). Derived from,"Type: Collaborative Combat Aircraft (CCA); Uncrewed Combat Aerial Vehicle (UCAV); Group 5 Autonomous Air Vehicle | Maximum speed: Up to Mach 0.95 (Fury) | Armament and Payloads: The letter ""F"" in the YFQ-44A Fury designation identifies its role as an air combat platform. Developed under the Collaborative Combat Aircraft program, the aircraft is intended to complement crewed fighters by increasing the number of available weapons within an air formation. The first weapon officially integrated on the YFQ-44A Fury is the AIM-120 AMRAAM (Advanced Medium-Range Air-to-Air Missil | Armament: 2 × AIM-120 AMRAAM (Advanced Medium-Range Air-to-Air Missile) carried on two underwing pylons; first live missile launch conducted on July 15, 2026, against a simulated digital target | Propulsion and Flight Performance: The YFQ-44A Fury is powered by a single jet engine, enabling it to achieve performance comparable to that of a light combat aircraft while retaining the advantages of an autonomous platform. Its airframe has been developed to provide high maneuverability and a flight envelope compatible with collaborative combat missions alongside U.S. Air Force crewed fighters. The YFQ-44A Fury can reach a maximu",https://www.armyrecognition.com/military-products/air/unmanned-aircraft-system/yfq-44a-fury-anduril
78,Rocket and missile weapons,68.7,15th Khordad 15,,"Iran, Syria",,"The Khordad 15, also called 15th Khordad, is a domestically produced Iranian medium-to-long-range surface-to-air missile (SAM) system developed by Iran's defense industry. It is designed to counter a ","Type: Medium-to-long-range surface-to-air missile (SAM) system. | Country users: Iran, Syria | Designer Country: Iran, developed by the Iranian Ministry of Defense. | Missile Weight: Approximately 2,000 kg per missile (Sayyad-3). | Dimensions Truck Launcher: Approximate Length: 10–12 m; Width: 2.5–3 m; height (including canisters): ~3.5–4 m.",https://www.armyrecognition.com/military-products/army/air-defense-systems/air-defense-vehicles/15th-khordad-15
79,Rocket and missile weapons,68.7,2S1 Gvozdika,,Weight,,The 2S1 Gvozdika is a Russian-made 122mm self-propelled howitzer based on a tracked armored vehicle. The first prototype was ready in 1969. The 2S1 entered service with the Soviet Army in the early 19,"Country users: Weight | Designer Country: Speed | Weight: Algeria, Angola, Armenia, Azerbaijan, Bosnia and Herzegovina, Belarus, Bulgaria, Cuba, Croatia, Eritrea, Ethiopia, Finland, Georgia, India, Iran, Iraq, Kazakhstan, Libya, Poland, South Ossetia, Serbia, Slovakia, Syria, Russia, Ukraine, Uruguay, Uzbekistan, Vietnam, Yemen, Zimbabwe. | Dimensions: 4 | Speed: Russia",https://www.armyrecognition.com/military-products/army/artillery-vehicles-and-weapons/self-propelled-howitzers/2s1-russia-uk
80,Rocket and missile weapons,68.7,2S19 Msta-S,,Weight,,The 2S19 Msta-S is a 152 mm self-propelled howitzer designed by the Soviet Union that entered into service with the Russian army service in 1989 as the successor to the 2S3 Akatsiya. The howitzer is d,"Country users: Weight | Designer Country: Vehicle Speed | Weight: Russia | Vehicle Dimensions: 5 | Vehicle Speed: Russia, Belarus, Ukraine, Ethiopia, Georgia",https://www.armyrecognition.com/military-products/army/artillery-vehicles-and-weapons/self-propelled-howitzers/2s19-russia-uk
81,Rocket and missile weapons,68.7,2S23 Nona-SVK,,Weight,,The 2S23 also named Nona-SVK is a Russian-made wheeled self-propelled mortar carrier. The 2S23 was first revealed at a defense exhibition in Asia in late 1990 when a complete system was displayed for ,"Country users: Weight | Designer Country: Speed | Weight: Russia, Venezuela | Dimensions: 4 | Speed: Russia",https://www.armyrecognition.com/military-products/army/artillery-vehicles-and-weapons/mortar-carrier/2s23-nona-svk-russia-uk
82,Rocket and missile weapons,68.7,2S3 Akatsiya,,Weight,,The 2S3 Akatsiya is a Russian-made 152 mm self-propelled howitzer based on a tracked armored vehicle. The first two prototypes of the 2S3 were completed by late 1968 and testing continued through to 1,"Country users: Weight | Designer Country: Speed | Weight: Algeria, Angola, Armenia, Azerbaijan, Belarus, Cuba, Ethiopia, Georgia, Hungary, Kazakhstan, Libya, Russia, Syria, Turkmenistan, Ukraine, Uzbekistan, and Vietnam. | Dimensions: 4 | Speed: Russia",https://www.armyrecognition.com/military-products/army/artillery-vehicles-and-weapons/self-propelled-howitzers/2s3-akatsiya-russia-uk
83,Rocket and missile weapons,68.7,2S34 Hosta,,Weight,,"The 2S34 ""Chosta"" or ""Hosta"" is a 120mm self-propelled mortar carrier designed and manufactured in Russia. The 2S34 was first revealed at the TVM-2014 Moscow Defense exhibition, in August 2014. The ve",Country users: Weight | Designer Country: Speed | Weight: Russia | Dimensions: 4 | Speed: Russia,https://www.armyrecognition.com/military-products/army/artillery-vehicles-and-weapons/mortar-carrier/2s34-russia-uk
84,Rocket and missile weapons,68.7,2S35 Koalitsiya-SV,,Russia,,The 2S35 Koalitsiya-SV is a new generation of Russian-made self-propelled tracked howitzer based on the 2S19 chassis fitted with a new turret. A few months ago Russia unveiled a twin-barreled self-pro,"Country users: Russia | Designer Country: Russia | Weight: 55,000 kg | Dimensions: Length: 6.5 m; Width: 3.6 m; Height: 3.5 m | Speed Vehicle: 60 km/h road speed",https://www.armyrecognition.com/military-products/army/artillery-vehicles-and-weapons/self-propelled-howitzers/2s35-koalitsiya-sv
85,Rocket and missile weapons,68.7,2S4 Tyulpan M-1975,,Weight,,"The 2S4 Tyulpan is Russian-made 240mm caliber self-propelled mortar carrier. It was developed in the early 1970s by the Uraltransmash Works, with the 240 mm 2B8 mortar system being developed by the Pe","Country users: Weight | Designer Country: Speed | Weight: Russia, Syria | Dimensions: 4 + 5 for reloading | Speed: Russia",https://www.armyrecognition.com/military-products/army/artillery-vehicles-and-weapons/mortar-carrier/2s4-tyulpan-russia-uk
86,Rocket and missile weapons,68.7,2S40 Phlox,,Weight,,"The Phlox (Floks) 2S40 is a 120mm wheeled self-propelled howitzer/mortar carrier developed and designed by the Russian JSC Central Research Institute Burevestnik, a subdivision of UralVagonZavod. The ",Country users: Weight | Designer Country: Speed Truck | Weight: Russia | Dimensions: 4 | Speed Truck: Russia,https://www.armyrecognition.com/military-products/army/artillery-vehicles-and-weapons/mortar-carrier/phlox-flox-120mm-self-propelled-howitzer-mortar-carrier-technical-data-sheet-specifications-pictures-video-12409163
87,Rocket and missile weapons,68.7,2S43 Malva,,Russia,,The 2S43 Malva is a modern Russian self-propelled howitzer developed to enhance the artillery capabilities of the Russian Armed Forces. Developed by the Central Institute of Research Burevestnik and m,"Country users: Russia | Designer Country: Russia | Weight Vehicle: 32,000 kg | Dimensions: Length: 13.0 m; Width: 2.75 m; Height: 3.1 m | Speed Vehicle: 80 km/h road speed",https://www.armyrecognition.com/military-products/army/artillery-vehicles-and-weapons/self-propelled-howitzers/2s43-malva
88,Rocket and missile weapons,68.7,2S5 Giatsint-S 152mm,,"Belarus, Eritrea, Georgia, Russia, Ukraine, and Uzbekistan.",,The 2S5 Giatsint-S is a Soviet-made 152 mm self-propelled gun that was developed by the Special Design Bureau of the Sverdlovsk (now Ekaterinburg) Machinery Construction Factory late in 1968. The firs,"Country users: Belarus, Eritrea, Georgia, Russia, Ukraine, and Uzbekistan. | Designer Country: Russia | Weight: 28,200 kg | Dimensions: Length: 8.33 m; Width: 3.25 m; Height: 2.76 m | Speed Vehicle: 63 km/h road speed",https://www.armyrecognition.com/military-products/army/artillery-vehicles-and-weapons/self-propelled-howitzers/2s5-giatsint-s-152mm
89,Rocket and missile weapons,68.7,2S6 2S6M Tungunska 2K22 2K22M SA-19 Grison,,Weight,,The 2S6 Tunguska 2K22 (NATO code SA-19 Grison) is a Russian-made self-propelled air defense system that combines gun and missile armament. The development of the 2S6 Tunguska began in 1970 after a req,"Country users: Weight | Designer Country: Speed | Weight: Belarus, India, Morocco, Russia, and Ukraine. | Dimensions: 4 | Speed: Russia",https://www.armyrecognition.com/military-products/army/air-defense-systems/self-propelled-anti-aircraft-guns/2s6m-tunguska-m-russia-uk
90,Rocket and missile weapons,68.7,2S7 Pion M1975 SO-203 2S7M Malka,,"Azerbaijan, Angola, Belarus, Georgia, Russia, Ukraine, and Uzbekistan.",,The 2S7 Pion M-1975 (Soviet name SO-203) is a tracked 203mm self-propelled gun designed and manufactured by the Russian defense industry. The 2S7 chassis was developed by the Kirov Factory under the d,"Country users: Azerbaijan, Angola, Belarus, Georgia, Russia, Ukraine, and Uzbekistan. | Designer Country: Russia | Weight: 46,500 kg | Dimensions: Length: 13.12m; Width: 3.38 m; Height: 3.0 m | Speed: 50 km/h road speed",https://www.armyrecognition.com/military-products/army/artillery-vehicles-and-weapons/self-propelled-howitzers/2s7-pion-2s7m-malka
91,Rocket and missile weapons,68.7,2S9 Nona-S SO-120,,Vehicle weight,,The 2S9 also named Nona-S (Russian name SO-120) is a 120mm self-propelled mortar carrier designed and manufactured in Russia. The first was unveiled for the first time to the public during a military ,"Country users: Vehicle weight | Designer Country: Vehicle speed | Vehicle weight: Afghanistan, Azerbaijan, Belarus, Kyrgyzstan, Moldova, Russia, Turkmenistan, Ukraine, Uzbekistan, and Vietnam. | Vehicle Dimensions: 4 | Vehicle speed: Russia",https://www.armyrecognition.com/military-products/army/artillery-vehicles-and-weapons/mortar-carrier/2s9-nona-s-russia-uk
92,Rocket and missile weapons,68.7,30N6,,Elevation,,"The 5N63S (later 30N6E) or NATO code name ""Flap Lid B"" is an engagement/fire control radar. The 5N63/30N6 equipment is described as being a 'multifunction, four co-ordinating, mono-impulse, impulse Do","Type: Range detection | Country users: Elevation | Speed radar: 12 missiles, two per target | Range detection: Tracking and missile guidance radar | Tracking and missile guidance radar: 300 km",https://www.armyrecognition.com/military-products/army/radars/air-defense-radars/flap-lid-b-russia-uk
93,EW assets,67.95,E-7A Wedgetail,,,,The first E-7A Wedgetail Airborne Early Warning & Control (AEW&C) aircraft was delivered to Australia in 2009 and began operations in 2010. A total of 6 aircraft have been delivered to Australia. The ,"Type: Airborne early warning and control aircraft | Weight: 3,585 kg take-off | Engine: 2 × CFM International CFM56-7 turbofans (118.4kN (27,300lb) thrust each) | Speed: Maximum speed: 955km/h | Range: 760 km maximum",https://www.armyrecognition.com/military-products/air/other/electronic-warfare/e-7a-wedgetail
94,EW assets,67.95,LH-10 Ellipse,,,,"The first production Ellipse appeared at the June 2011 Paris Air Show, painted in the colours of the Benin People's Air Force. The first unit was delivered to Benin in late 2012 and the second unit wa",Type: Light Surveillance Aircraft | Weight: Max takeoff weight: 550 kg | Dimensions: Length: 5.1 m; Height: 2.40 m; Wingspan: 8.00 m | Engine: One 912 ULS (100 hp) | Speed: Max cruise speed: 370 km/h,https://www.armyrecognition.com/military-products/air/other/electronic-warfare/lh-10-ellipse
95,EW assets,67.95,Sentinel R1,,,,The Raytheon Sentinel R1 is a Bombardier Global Express modified as an airborne battlefield and ground surveillance platform for the British Royal Air Force. Originally known as the ASTOR (Airborne ST,"Type: Reconnaissance, surveillance and intelligence aircraft | Current Country users: United Kingdom a a a. a a a | Weight: 24,000 kg empty - 42,400 kg loaded | Engine: Two Rolls-Royce BR710, 65.6 kN (14,750 lbf) thrust each | Speed: 750 km/h maximum",https://www.armyrecognition.com/military-products/air/other/electronic-warfare/sentinel-r1
96,Armored vehicles and equipment,67.5,2S25 Sprut-Sd,,Weight,,The 2S25 is a self-propelled anti-tank armored vehicle developed and manufactured by the Russian Defense Company Volgograd Tractor Plant Joint Stock Company to meet the requirements of the Russian air,Country users: Weight | Designer Country: Speed | Weight: Russia | Dimensions: 3 | Speed: Russia,https://www.armyrecognition.com/military-products/army/main-battle-tanks/amphibious-tanks/2s25-sprut-sd-russia-uk
97,Armored vehicles and equipment,67.5,2S25M Sprut-SDM1,,Weight,,The 2S25M Sprut-SDM1 is a modernized version of the 2S25 Sprut-SD self-propelled anti-tank gun designed and manufactured by the Russian defense Company Tractor Plants. The 2S25M was specially designed,Country users: Weight | Designer Country: Speed | Weight: Russia | Dimensions: 3 | Speed: Russia,https://www.armyrecognition.com/military-products/army/main-battle-tanks/amphibious-tanks/2s25m-sprut-sdm1-self-propelled-anti-tank-gun-tracked-armoured-technical-data-sheet-specifications-pictures-video-11510163
98,Automotive vehicles,67.5,442.32 Jelcz 4x4,,Poland,,The Jelcz 442.32 is a military truck using a 4x4 chassis manufactured by the Polish Company Jelcz which is now a subdivision of PGZ (Polska Grupa Zbrojeniowa) a holding company established by the Poli,"Type: Munition cargo truck | Country users: Poland | Designer Country: Poland | Weight: 9,750 kg curb weight, 6,000 kg load capacity | Dimensions: Length: 7.81 m; Width: 2.55 m; Height: 3.32 m",https://www.armyrecognition.com/military-products/army/tactical-and-logistic-vehicles/logistic-trucks/442-32-jelcz-4x4
99,Armored vehicles and equipment,67.5,50K6 Command Control Vehicle S-350 Vityaz,,Russia,,The 50K6 is the Command and control vehicle which is used with the S-350 Vityaz 50R6 ground-to-air defense missile system. The 50K6 command and control system is designed for battle management of the ,"Type: Command and Control vehicle | Country users: Russia | Designer Country: Russia | Speed Truck: 80 km/h | Range Truck: 1,000 km",https://www.armyrecognition.com/military-products/army/command-post/50k6-command-control-vehicle-s-350-vityaz
100,Small arms,67.5,6S8 and 6S8-1,,Russia a,,The 6S8 and 6S8-1 are 12.7mm sniper rifle designed and manufactured by the Russian firearms manufacturer Degtyarev. Founded in Kovrov in 1916 the machine-gun plant has been providing the Armed Forces ,"Country users: Russia a | Designer Country: Russia | Range: With optical sight: 1,500m With Iron sight: 1,000m | Design: The 6S8/6S8-1 is a a 5-round rifle with the sliding bolt action, compiled by the bullpup scheme. For firing it used 12.7x107mm sniper ammunition. The rifle is fed from the 5-round detachable box magazine. The receiving hole is situated between the pistol grip and butt stock. Magazine provided with a plastic plate, allowing using it as an additional support for the left hand of a shooter. The muzzl | Ammunitions: Cartridges fired (12.7x107 mm): - 12.7mm 7N34 sniper cartridge; - 12.7mm BZ cartridge with the B 32 bullet; - 12.7mm BZT-44 cartridge; - 12.7mm BZT-44M cartridge.",https://www.armyrecognition.com/military-products/army/weapons/sniper-rifles/6s8-sniper-rifle-russia-uk
