# Cloudflare Bulk Redirects — thedailyartcult.lol -> art.alieninc.tech (301, preserve path+query)
# Import: .lol zone > Bulk Redirects. Activates the cutover; keep ~6 months past May 2027 expiry.
# Note: accounts/policy/support/publications/privacy/cs sub-hosts were already dead (pointed at
# retired server IP), so their rows below are hygiene for any stray backlinks.
# Source URL,Target URL,Status,Preserve path,Preserve query
https://thedailyartcult.lol/,https://art.alieninc.tech/,301,true,true
http://thedailyartcult.lol/,https://art.alieninc.tech/,301,true,true
https://www.thedailyartcult.lol/,https://art.alieninc.tech/,301,true,true
https://accounts.thedailyartcult.lol/,https://art.alieninc.tech/accounts/,301,true,true
https://policy.thedailyartcult.lol/,https://art.alieninc.tech/policy/,301,true,true
https://privacy.thedailyartcult.lol/,https://art.alieninc.tech/policy/,301,true,true
https://publications.thedailyartcult.lol/,https://art.alieninc.tech/publications/,301,true,true
https://support.thedailyartcult.lol/,https://art.alieninc.tech/support/,301,true,true
